Strain,Type,Total,QC_passed,QC_failed,Secondary,Supplementary,Duplicates,Mapped,Mapped_percent,Paired,Read1,Read2,Properly_paired,Properly_paired_percent,Self_and_mate_mapped,Singletons,Singletons_percent,Mate_mapped_diff_chr,Mate_mapped_diff_chr_mapQ_ge_5
104AT,Normal,24458777 24458777 0 0 220203 0 479333 0 24238574 12119287 12119287 20918600 0 22086826 187745 0 479333 479333
104AT,TBR,54786 54786 0 0 75 0 208 0 54711 27369 27342 53784 0 54631 40 0 208 208
104BT,Normal,24824462 24824462 0 0 197908 0 483823 0 24626554 12313277 12313277 21785070 0 22950162 170466 0 483823 483823
104BT,TBR,62317 62317 0 0 68 0 251 0 62249 31156 31093 61256 0 62213 18 0 251 251
105BT,Normal,28594885 28594885 0 0 249467 0 560889 0 28345418 14172709 14172709 24757256 0 26081956 196282 0 560889 560889
105BT,TBR,141276 141276 0 0 156 0 313 0 141120 70572 70548 138770 0 140878 121 0 313 313
108AT,Normal,48477252 48477252 0 0 547118 0 896788 0 47930134 23965067 23965067 41877510 0 44224294 415093 0 896788 896788
108AT,TBR,166888 166888 0 0 83 0 151 0 166805 83425 83380 165812 0 166699 53 0 151 151
108BT,Normal,48742711 48742711 0 0 567425 0 935978 0 48175286 24087643 24087643 41595022 0 44077268 456740 0 935978 935978
108BT,TBR,194876 194876 0 0 74 0 161 0 194802 97424 97378 193948 0 194726 38 0 161 161
113AT,Normal,20774971 20774971 0 0 199153 0 412620 0 20575818 10287909 10287909 16476706 0 17501920 153069 0 412620 412620
113AT,TBR,51036 51036 0 0 69 0 176 0 50967 25499 25468 50042 0 50843 62 0 176 176
113BT,Normal,24388406 24388406 0 0 197466 0 479905 0 24190940 12095470 12095470 21576486 0 22699104 164677 0 479905 479905
113BT,TBR,60410 60410 0 0 63 0 177 0 60347 30159 30188 59360 0 60285 31 0 177 177
130BT,Normal,21442608 21442608 0 0 181576 0 385029 0 21261032 10630516 10630516 18679590 0 19613512 148920 0 385029 385029
130BT,TBR,36574 36574 0 0 47 0 113 0 36527 18283 18244 36024 0 36493 17 0 113 113
13_97D,Normal,24164153 24164153 0 0 168835 0 343675 0 23995318 11997659 11997659 21566802 0 22410796 138868 0 343675 343675
13_97D,TBR,5135 5135 0 0 49 0 212 0 5086 2555 2531 4642 0 5084 1 0 212 212
141BT,Normal,26825494 26825494 0 0 239842 0 535920 0 26585652 13292826 13292826 23086000 0 24376716 204768 0 535920 535920
141BT,TBR,57638 57638 0 0 87 0 187 0 57551 28773 28778 56618 0 57469 41 0 187 187
146AT,Normal,23318009 23318009 0 0 231951 0 392475 0 23086058 11543029 11543029 20425318 0 21414186 148354 0 392475 392475
146AT,TBR,21441 21441 0 0 25 0 95 0 21416 10685 10731 21050 0 21398 9 0 95 95
146BT,Normal,28937849 28937849 0 0 304151 0 604695 0 28633698 14316849 14316849 25081686 0 26543302 215744 0 604695 604695
146BT,TBR,28492 28492 0 0 34 0 119 0 28458 14243 14215 27902 0 28418 20 0 119 119
148AT,Normal,18911299 18911299 0 0 166251 0 346423 0 18745048 9372524 9372524 15877828 0 16742590 147595 0 346423 346423
148AT,TBR,38964 38964 0 0 31 0 74 0 38933 19456 19477 38516 0 38891 21 0 74 74
148BT,Normal,26076197 26076197 0 0 229651 0 495493 0 25846546 12923273 12923273 22336472 0 23540270 188016 0 495493 495493
148BT,TBR,51125 51125 0 0 43 0 131 0 51082 25538 25544 50368 0 50998 42 0 131 131
14_97D,Normal,24173438 24173438 0 0 180390 0 324236 0 23993048 11996524 11996524 21688472 0 22522732 125360 0 324236 324236
14_97D,TBR,76 76 0 0 0 0 0 0 76 36 40 70 0 76 0 0 0 0
15_97D,Normal,24156006 24156006 0 0 166132 0 352948 0 23989874 11994937 11994937 21561352 0 22410816 141001 0 352948 352948
15_97D,TBR,3346 3346 0 0 41 0 145 0 3305 1658 1647 2974 0 3299 3 0 145 145
15BT-relapse,Normal,48662321 48662321 0 0 356981 0 857479 0 48305340 24152670 24152670 42963478 0 45042348 360760 0 857479 857479
15BT-relapse,TBR,117591 117591 0 0 158 0 162 0 117433 58701 58732 116378 0 117309 62 0 162 162
163AT,Normal,24182958 24182958 0 0 229964 0 465830 0 23952994 11976497 11976497 20936664 0 22093554 183423 0 465830 465830
163AT,TBR,50825 50825 0 0 61 0 85 0 50764 25381 25383 50158 0 50720 22 0 85 85
163AT-relapse,Normal,19743611 19743611 0 0 171589 0 354936 0 19572022 9786011 9786011 17117584 0 18000670 136358 0 354936 354936
163AT-relapse,TBR,42860 42860 0 0 43 0 66 0 42817 21424 21393 42328 0 42785 16 0 66 66
167AT,Normal,27194481 27194481 0 0 240489 0 563622 0 26953992 13476996 13476996 23521194 0 24845190 191190 0 563622 563622
167AT,TBR,45034 45034 0 0 43 0 155 0 44991 22506 22485 44032 0 44909 41 0 155 155
167BT,Normal,34129911 34129911 0 0 287209 0 548643 0 33842702 16921351 16921351 29266184 0 30647046 221592 0 548643 548643
167BT,TBR,73975 73975 0 0 52 0 225 0 73923 36970 36953 73048 0 73855 34 0 225 225
174AT,Normal,22031190 22031190 0 0 200664 0 429918 0 21830526 10915263 10915263 19293822 0 20347716 158787 0 429918 429918
174AT,TBR,45340 45340 0 0 31 0 79 0 45309 22642 22667 44790 0 45261 24 0 79 79
174BT,Normal,25784354 25784354 0 0 213834 0 504894 0 25570520 12785260 12785260 22848028 0 24034852 165312 0 504894 504894
174BT,TBR,61836 61836 0 0 83 0 273 0 61753 30874 30879 60548 0 61681 36 0 273 273
19BT,Normal,25064647 25064647 0 0 220801 0 496251 0 24843846 12421923 12421923 21770816 0 22961458 172916 0 496251 496251
19BT,TBR,68039 68039 0 0 53 0 229 0 67986 33982 34004 66812 0 67882 52 0 229 229
223AT,Normal,19837365 19837365 0 0 185907 0 374002 0 19651458 9825729 9825729 17231926 0 18167846 143287 0 374002 374002
223AT,TBR,70975 70975 0 0 90 0 152 0 70885 35423 35462 69804 0 70815 35 0 152 152
280104,Normal,22240222 22240222 0 0 210706 0 467061 0 22029516 11014758 11014758 19007086 0 20140558 195885 0 467061 467061
280104,TBR,98260 98260 0 0 70 0 507 0 98190 49082 49108 95522 0 97956 117 0 507 507
29BT,Normal,17472448 17472448 0 0 156676 0 331063 0 17315772 8657886 8657886 14787644 0 15609290 136514 0 331063 331063
29BT,TBR,38098 38098 0 0 38 0 102 0 38060 19026 19034 37578 0 38022 19 0 102 102
340AT,Normal,20756502 20756502 0 0 180860 0 414630 0 20575642 10287821 10287821 17621472 0 18602074 141028 0 414630 414630
340AT,TBR,66722 66722 0 0 69 0 279 0 66653 33321 33332 65076 0 66515 69 0 279 279
346AT-relapse,Normal,26552320 26552320 0 0 225082 0 410232 0 26327238 13163619 13163619 23453324 0 24499722 171570 0 410232 410232
346AT-relapse,TBR,137685 137685 0 0 83 0 224 0 137602 68830 68772 136646 0 137554 24 0 224 224
346BT,Normal,34893584 34893584 0 0 304460 0 571165 0 34589124 17294562 17294562 30914024 0 32333764 216227 0 571165 571165
346BT,TBR,162835 162835 0 0 117 0 366 0 162718 81367 81351 161124 0 162606 56 0 366 366
348BT,Normal,48358380 48358380 0 0 395796 0 874148 0 47962584 23981292 23981292 42440020 0 44564862 359104 0 874148 874148
348BT,TBR,142610 142610 0 0 128 0 179 0 142482 71189 71293 141272 0 142310 86 0 179 179
349BT,Normal,29093641 29093641 0 0 262089 0 607602 0 28831552 14415776 14415776 25295448 0 26726874 186047 0 607602 607602
349BT,TBR,72255 72255 0 0 70 0 257 0 72185 36078 36107 70700 0 72057 64 0 257 257
378BT,Normal,19223561 19223561 0 0 162189 0 362064 0 19061372 9530686 9530686 16719620 0 17606634 156077 0 362064 362064
378BT,TBR,56093 56093 0 0 69 0 99 0 56024 28021 28003 55490 0 55990 17 0 99 99
40AT,Normal,36350386 36350386 0 0 305262 0 603857 0 36045124 18022562 18022562 31902662 0 33399686 238009 0 603857 603857
40AT,TBR,141254 141254 0 0 132 0 468 0 141122 70546 70576 139412 0 141022 50 0 468 468
40BT,Normal,39666111 39666111 0 0 330949 0 523392 0 39335162 19667581 19667581 34813688 0 36182268 212569 0 523392 523392
40BT,TBR,117926 117926 0 0 92 0 263 0 117834 58920 58914 116688 0 117774 30 0 263 263
45BT,Normal,16838440 16838440 0 0 142812 0 321396 0 16695628 8347814 8347814 14367994 0 15140336 118965 0 321396 321396
45BT,TBR,68696 68696 0 0 60 0 167 0 68636 34314 34322 67552 0 68544 46 0 167 167
48BT,Normal,24266045 24266045 0 0 241147 0 486526 0 24024898 12012449 12012449 20359940 0 21551276 188348 0 486526 486526
48BT,TBR,68640 68640 0 0 57 0 171 0 68583 34297 34286 67594 0 68503 40 0 171 171
57AT,Normal,48491491 48491491 0 0 416179 0 859052 0 48075312 24037656 24037656 42492094 0 44639816 370292 0 859052 859052
57AT,TBR,81852 81852 0 0 54 0 155 0 81798 40910 40888 81154 0 81744 27 0 155 155
85BT,Normal,20818959 20818959 0 0 178005 0 392032 0 20640954 10320477 10320477 18215118 0 19164392 165941 0 392032 392032
85BT,TBR,54068 54068 0 0 45 0 85 0 54023 27011 27012 53460 0 53969 27 0 85 85
93AT,Normal,26170657 26170657 0 0 184835 0 459373 0 25985822 12992911 12992911 22273814 0 23364686 174621 0 459373 459373
93AT,TBR,118947 118947 0 0 97 0 382 0 118850 59418 59432 117030 0 118694 78 0 382 382
940,Normal,28850214 28850214 0 0 182574 0 453885 0 28667640 14333820 14333820 24520302 0 25570004 181888 0 453885 453885
940,TBR,34452 34452 0 0 146 0 821 0 34306 17170 17136 32068 0 34168 69 0 821 821
95BT,Normal,20715086 20715086 0 0 194964 0 393639 0 20520122 10260061 10260061 18064868 0 19037940 156057 0 393639 393639
95BT,TBR,81608 81608 0 0 72 0 215 0 81536 40781 40755 80522 0 81452 42 0 215 215
A005,Normal,24137457 24137457 0 0 136307 0 303683 0 24001150 12000575 12000575 22113224 0 22859782 110918 0 303683 303683
A005,TBR,18450 18450 0 0 70 0 103 0 18380 9181 9199 18004 0 18368 6 0 103 103
ABBA,Normal,47907911 47907911 0 0 521773 0 977629 0 47386138 23693069 23693069 39984544 0 42387528 432006 0 977629 977629
ABBA,TBR,376051 376051 0 0 2003 0 4221 0 374048 187014 187034 357496 0 373286 381 0 4221 4221
AGAL-CI-78-TCH312,Normal,48708187 48708187 0 0 559115 0 1138788 0 48149072 24074536 24074536 39316670 0 42053324 695757 0 1138788 1138788
AGAL-CI-78-TCH312,TBR,186133 186133 0 0 456 0 2823 0 185677 92831 92846 178200 0 185249 214 0 2823 2823
AGAL-CI-78-TCH312-bis,Normal,36751115 36751115 0 0 434957 0 762657 0 36316158 18158079 18158079 30453064 0 32327182 332207 0 762657 762657
AGAL-CI-78-TCH312-bis,TBR,237061 237061 0 0 739 0 3840 0 236322 118091 118231 224488 0 235758 282 0 3840 3840
Alfort,Normal,25515610 25515610 0 0 282358 0 536390 0 25233252 12616626 12616626 20777926 0 22141268 243142 0 536390 536390
Alfort,TBR,123540 123540 0 0 374 0 3963 0 123166 61588 61578 113036 0 122820 173 0 3963 3963
ALJO,Normal,27884849 27884849 0 0 221405 0 549029 0 27663444 13831722 13831722 24169996 0 25467084 183547 0 549029 549029
ALJO,TBR,77878 77878 0 0 290 0 566 0 77588 38805 38783 75056 0 77430 79 0 566 566
AMBOU,Normal,42509545 42509545 0 0 324397 0 684250 0 42185148 21092574 21092574 37365024 0 39079398 236844 0 684250 684250
AMBOU,TBR,100460 100460 0 0 195 0 782 0 100265 50151 50114 96728 0 100147 59 0 782 782
American-Strain,Normal,25414729 25414729 0 0 323305 0 455424 0 25091424 12545712 12545712 21147094 0 22494658 186300 0 455424 455424
American-Strain,TBR,124310 124310 0 0 305 0 2367 0 124005 61986 62019 116780 0 123795 105 0 2367 2367
AnTar-2,Normal,35355373 35355373 0 0 466463 0 826225 0 34888910 17444455 17444455 28575284 0 30646400 378285 0 826225 826225
AnTar-2,TBR,338254 338254 0 0 1114 0 5811 0 337140 168544 168596 315232 0 336256 442 0 5811 5811
AnTar-30,Normal,31070431 31070431 0 0 430831 0 744022 0 30639600 15319800 15319800 24067330 0 25876928 397255 0 744022 744022
AnTar-30,TBR,82163 82163 0 0 460 0 3559 0 81703 40861 40842 73994 0 81501 101 0 3559 3559
AnTar-7,Normal,28705792 28705792 0 0 295852 0 570150 0 28409940 14204970 14204970 24728300 0 26158588 238310 0 570150 570150
AnTar-7,TBR,71939 71939 0 0 190 0 1013 0 71749 35891 35858 68372 0 71643 53 0 1013 1013
AnTat-1-1,Normal,28221316 28221316 0 0 311688 0 722817 0 27909628 13954814 13954814 23275040 0 25001560 302190 0 722817 722817
AnTat-1-1,TBR,1073839 1073839 0 0 2991 0 16431 0 1070848 535270 535578 1005698 0 1068094 1377 0 16431 16431
AnTat-11-17,Normal,23570657 23570657 0 0 200477 0 428341 0 23370180 11685090 11685090 20375176 0 21434354 160746 0 428341 428341
AnTat-11-17,TBR,91225 91225 0 0 36 0 120 0 91189 45590 45599 90270 0 91103 43 0 120 120
AnTat-1-1E,Normal,25328877 25328877 0 0 300793 0 659434 0 25028084 12514042 12514042 20564564 0 22151904 308695 0 659434 659434
AnTat-1-1E,TBR,1032730 1032730 0 0 2874 0 14531 0 1029856 514742 515114 975472 0 1027416 1220 0 14531 14531
AnTat-12-1S,Normal,48274437 48274437 0 0 533061 0 988073 0 47741376 23870688 23870688 39341636 0 41733328 568289 0 988073 988073
AnTat-12-1S,TBR,2811154 2811154 0 0 7573 0 25366 0 2803581 1401675 1401906 2710210 0 2798945 2318 0 25366 25366
AnTat-17-1,Normal,28381540 28381540 0 0 347450 0 613053 0 28034090 14017045 14017045 23176612 0 24654766 293047 0 613053 613053
AnTat-17-1,TBR,317913 317913 0 0 3030 0 9802 0 314883 157323 157560 292212 0 314301 291 0 9802 9802
AnTat-21-1,Normal,40240362 40240362 0 0 378702 0 698758 0 39861660 19930830 19930830 34804092 0 36677082 220478 0 698758 698758
AnTat-21-1,TBR,25490 25490 0 0 34 0 98 0 25456 12713 12743 24764 0 25402 27 0 98 98
AnTat-25-1S,Normal,28468170 28468170 0 0 325706 0 647178 0 28142464 14071232 14071232 22520940 0 24123596 289905 0 647178 647178
AnTat-25-1S,TBR,2086057 2086057 0 0 6598 0 27034 0 2079459 1039482 1039977 1977946 0 2074229 2615 0 27034 27034
AnTat-25-1S-bis,Normal,36229433 36229433 0 0 195977 0 422787 0 36033456 18016728 18016728 32566110 0 33560590 194068 0 422787 422787
AnTat-25-1S-bis,TBR,142604 142604 0 0 620 0 2174 0 141984 71021 70963 133256 0 141674 155 0 2174 2174
AnTat-3-1,Normal,24136290 24136290 0 0 231608 0 488911 0 23904682 11952341 11952341 20919836 0 22123170 228555 0 488911 488911
AnTat-3-1,TBR,50616 50616 0 0 180 0 399 0 50436 25242 25194 48496 0 50374 31 0 399 399
AnTat-3-3,Normal,26827737 26827737 0 0 268867 0 568274 0 26558870 13279435 13279435 23210674 0 24620126 233548 0 568274 568274
AnTat-3-3,TBR,55358 55358 0 0 246 0 573 0 55112 27527 27585 52380 0 55006 53 0 573 573
AnTat-34-1-P10,Normal,27026869 27026869 0 0 325135 0 696794 0 26701734 13350867 13350867 21972360 0 23650976 331510 0 696794 696794
AnTat-34-1-P10,TBR,967428 967428 0 0 2703 0 13392 0 964725 482406 482319 913120 0 962641 1042 0 13392 13392
AnTat-4-1,Normal,33626745 33626745 0 0 205369 0 213367 0 33421376 16710688 16710688 12077958 0 12707526 132845 0 213367 213367
AnTat-4-1,TBR,158762 158762 0 0 2186 0 3664 0 156576 78306 78270 144812 0 155020 778 0 3664 3664
AnTat-4-1-bis,Normal,37896226 37896226 0 0 347646 0 647455 0 37548580 18774290 18774290 30018814 0 31670422 274361 0 647455 647455
AnTat-4-1-bis,TBR,165897 165897 0 0 369 0 6453 0 165528 82814 82714 150452 0 165188 170 0 6453 6453
AnTat-5-2,Normal,24058991 24058991 0 0 343913 0 536053 0 23715078 11857539 11857539 19671538 0 20988782 239608 0 536053 536053
AnTat-5-2,TBR,86275 86275 0 0 229 0 1687 0 86046 43049 42997 81782 0 85802 122 0 1687 1687
AnTat-9-1,Normal,44943788 44943788 0 0 398884 0 749543 0 44544904 22272452 22272452 37450462 0 39368402 281807 0 749543 749543
AnTat-9-1,TBR,9543 9543 0 0 29 0 101 0 9514 4752 4762 9130 0 9488 13 0 101 101
ATCC-30019,Normal,24815998 24815998 0 0 251914 0 494397 0 24564084 12282042 12282042 20451498 0 21761126 205414 0 494397 494397
ATCC-30019,TBR,114627 114627 0 0 184 0 2511 0 114443 57236 57207 107614 0 114109 167 0 2511 2511
ATCC30019,Normal,23380501 23380501 0 0 228077 0 449401 0 23152424 11576212 11576212 19389854 0 20575950 199648 0 449401 449401
ATCC30019,TBR,103078 103078 0 0 122 0 2032 0 102956 51509 51447 97640 0 102780 88 0 2032 2032
ATCC-30023,Normal,28043079 28043079 0 0 292809 0 545437 0 27750270 13875135 13875135 24527672 0 25950312 218177 0 545437 545437
ATCC-30023,TBR,92897 92897 0 0 283 0 1409 0 92614 46280 46334 87488 0 92454 80 0 1409 1409
Bage,Normal,42314408 42314408 0 0 358310 0 653944 0 41956098 20978049 20978049 36805394 0 38449490 244162 0 653944 653944
Bage,TBR,68694 68694 0 0 187 0 378 0 68507 34266 34241 66958 0 68421 43 0 378 378
BAT1,Normal,28368127 28368127 0 0 235955 0 463782 0 28132172 14066086 14066086 25215628 0 26341418 175841 0 463782 463782
BAT1,TBR,27931 27931 0 0 122 0 71 0 27809 13905 13904 27448 0 27789 10 0 71 71
BAT31,Normal,34635906 34635906 0 0 297240 0 603007 0 34338666 17169333 17169333 30761934 0 32257732 218534 0 603007 603007
BAT31,TBR,32891 32891 0 0 114 0 218 0 32777 16394 16383 32008 0 32739 19 0 218 218
BAT33,Normal,31901981 31901981 0 0 262333 0 516243 0 31639648 15819824 15819824 28422476 0 29715726 183408 0 516243 516243
BAT33,TBR,32504 32504 0 0 146 0 179 0 32358 16192 16166 31640 0 32332 13 0 179 179
BAT35,Normal,24171100 24171100 0 0 173034 0 333943 0 23998066 11999033 11999033 21758184 0 22608246 127025 0 333943 333943
BAT35,TBR,34215 34215 0 0 121 0 222 0 34094 17054 17040 33340 0 34082 6 0 222 222
BIM-AnTat-8-1-P8,Normal,48525792 48525792 0 0 453218 0 943260 0 48072574 24036287 24036287 40503288 0 42914566 453460 0 943260 943260
BIM-AnTat-8-1-P8,TBR,56140 56140 0 0 37 0 129 0 56103 28038 28065 55508 0 56041 31 0 129 129
BIP20,Normal,19493174 19493174 0 0 106980 0 221499 0 19386194 9693097 9693097 17898658 0 18452954 75969 0 221499 221499
BIP20,TBR,4221 4221 0 0 24 0 27 0 4197 2100 2097 4034 0 4193 2 0 27 27
BIP24,Normal,28256346 28256346 0 0 181732 0 403428 0 28074614 14037307 14037307 25627012 0 26581808 140556 0 403428 403428
BIP24,TBR,15789 15789 0 0 233 0 104 0 15556 7789 7767 14876 0 15498 29 0 104 104
BIP28,Normal,24139516 24139516 0 0 148888 0 310885 0 23990628 11995314 11995314 22001284 0 22771000 111684 0 310885 310885
BIP28,TBR,5616 5616 0 0 196 0 0 0 5420 2711 2709 5254 0 5400 10 0 0 0
BIP33,Normal,24118100 24118100 0 0 133272 0 296349 0 23984828 11992414 11992414 21913094 0 22624442 107310 0 296349 296349
BIP33,TBR,11933 11933 0 0 89 0 75 0 11844 5929 5915 11386 0 11836 4 0 75 75
BIP42,Normal,24122253 24122253 0 0 131865 0 278294 0 23990388 11995194 11995194 22139892 0 22823134 99781 0 278294 278294
BIP42,TBR,17196 17196 0 0 222 0 113 0 16974 8471 8503 16334 0 16940 17 0 113 113
Bosendja,Normal,48600502 48600502 0 0 387490 0 813824 0 48213012 24106506 24106506 42313860 0 44330886 281670 0 813824 813824
Bosendja,TBR,115171 115171 0 0 316 0 963 0 114855 57304 57551 110634 0 114653 101 0 963 963
BoTat-1-1,Normal,30350333 30350333 0 0 296559 0 627326 0 30053774 15026887 15026887 25560168 0 27036600 255717 0 627326 627326
BoTat-1-1,TBR,124347 124347 0 0 279 0 3200 0 124068 62029 62039 112586 0 123636 216 0 3200 3200
BoTat-1-1-bis,Normal,36878260 36878260 0 0 370996 0 697436 0 36507264 18253632 18253632 31505516 0 33186502 304657 0 697436 697436
BoTat-1-1-bis,TBR,130878 130878 0 0 223 0 3284 0 130655 65364 65291 118914 0 130397 129 0 3284 3284
BRAZAVILLE-BB,Normal,28177302 28177302 0 0 234294 0 534838 0 27943008 13971504 13971504 24136690 0 25448584 170749 0 534838 534838
BRAZAVILLE-BB,TBR,19185 19185 0 0 47 0 76 0 19138 9557 9581 18576 0 19098 20 0 76 76
C3359,Normal,24178549 24178549 0 0 175853 0 310469 0 24002696 12001348 12001348 21693834 0 22488196 126296 0 310469 310469
C3359,TBR,29 29 0 0 1 0 1 0 28 15 13 14 0 26 1 0 1 1
C3392,Normal,24172124 24172124 0 0 167772 0 293739 0 24004352 12002176 12002176 21662332 0 22415792 120197 0 293739 293739
C3392,TBR,31 31 0 0 0 0 2 0 31 14 17 18 0 27 2 0 2 2
Canadian-Strain,Normal,33987821 33987821 0 0 353313 0 584706 0 33634508 16817254 16817254 28492280 0 30111858 218722 0 584706 584706
Canadian-Strain,TBR,362318 362318 0 0 792 0 7613 0 361526 180771 180755 333708 0 360548 489 0 7613 7613
Colombia,Normal,22840240 22840240 0 0 209590 0 453322 0 22630650 11315325 11315325 18931042 0 20045118 214152 0 453322 453322
Colombia,TBR,54689 54689 0 0 137 0 1139 0 54552 27269 27283 51022 0 54388 82 0 1139 1139
CP81,Normal,25317298 25317298 0 0 8552 0 2645 0 25308746 12654373 12654373 1096110 0 1110082 206990 0 2645 2645
CP81,TBR,47 47 0 0 0 0 0 0 47 23 24 24 0 25 11 0 0 0
D12K-ITMAP1857,Normal,32766834 32766834 0 0 265858 0 511160 0 32500976 16250488 16250488 26528662 0 27848752 188198 0 511160 511160
D12K-ITMAP1857,TBR,22583 22583 0 0 38 0 83 0 22545 11260 11285 22130 0 22513 16 0 83 83
Demba,Normal,24137126 24137126 0 0 143632 0 325716 0 23993494 11996747 11996747 21982202 0 22782140 120815 0 325716 325716
Demba,TBR,41851 41851 0 0 76 0 310 0 41775 20874 20901 40668 0 41761 7 0 310 310
Doume1,Normal,24045866 24045866 0 0 165358 0 321771 0 23880508 11940254 11940254 21724504 0 22530110 118709 0 321771 321771
Doume1,TBR,2732 2732 0 0 33 0 114 0 2699 1352 1347 2438 0 2697 1 0 114 114
E28,Normal,29426234 29426234 0 0 275270 0 636438 0 29150964 14575482 14575482 25624238 0 27089620 244791 0 636438 636438
E28,TBR,111662 111662 0 0 208 0 3006 0 111454 55741 55713 100838 0 111128 163 0 3006 3006
Etat-1-2R,Normal,51404514 51404514 0 0 772684 0 606921 0 50631830 25315915 25315915 26191274 0 27524076 409006 0 606921 606921
Etat-1-2R,TBR,575269 575269 0 0 8796 0 7594 0 566473 283295 283178 525668 0 552581 6946 0 7594 7594
F33,Normal,24070889 24070889 0 0 180653 0 337693 0 23890236 11945118 11945118 21741066 0 22611878 126238 0 337693 337693
F33,TBR,37067 37067 0 0 45 0 188 0 37022 18504 18518 36306 0 37002 10 0 188 188
F39,Normal,24070142 24070142 0 0 185750 0 364291 0 23884392 11942196 11942196 21517266 0 22442310 125090 0 364291 364291
F39,TBR,40038 40038 0 0 77 0 218 0 39961 19989 19972 38992 0 39939 11 0 218 218
F39UG,Normal,29862946 29862946 0 0 218908 0 460759 0 29644038 14822019 14822019 26717388 0 27848644 153473 0 460759 460759
F39UG,TBR,43369 43369 0 0 62 0 246 0 43307 21652 21655 42114 0 43255 26 0 246 246
F41,Normal,24080957 24080957 0 0 182071 0 340943 0 23898886 11949443 11949443 21694970 0 22566558 133143 0 340943 340943
F41,TBR,35645 35645 0 0 83 0 244 0 35562 17759 17803 34686 0 35548 7 0 244 244
F42,Normal,22052763 22052763 0 0 170311 0 304567 0 21882452 10941226 10941226 19820032 0 20616106 112628 0 304567 304567
F42,TBR,39976 39976 0 0 72 0 205 0 39904 19961 19943 39052 0 39886 9 0 205 205
FEO,Normal,48938394 48938394 0 0 566952 0 1174270 0 48371442 24185721 24185721 39193614 0 42076304 641391 0 1174270 1174270
FEO,TBR,2265963 2265963 0 0 4187 0 23688 0 2261776 1130939 1130837 2165826 0 2258360 1708 0 23688 23688
FEO-AnTat-16-1,Normal,48600199 48600199 0 0 588393 0 1227156 0 48011806 24005903 24005903 39159042 0 42143104 719475 0 1227156 1227156
FEO-AnTat-16-1,TBR,2151591 2151591 0 0 4127 0 20881 0 2147464 1073617 1073847 2067360 0 2144538 1463 0 20881 20881
Feo-AnTat-16-1-bis,Normal,37864411 37864411 0 0 464015 0 808184 0 37400396 18700198 18700198 30977408 0 33000488 353210 0 808184 808184
Feo-AnTat-16-1-bis,TBR,1646675 1646675 0 0 3134 0 20353 0 1643541 821709 821832 1560394 0 1640743 1399 0 20353 20353
Frala,Normal,35729845 35729845 0 0 350921 0 640114 0 35378924 17689462 17689462 30917616 0 32544524 216399 0 640114 640114
Frala,TBR,115881 115881 0 0 96 0 617 0 115785 57895 57890 113890 0 115687 49 0 617 617
GMOM-ZM-83-TRPZ-317,Normal,48552138 48552138 0 0 568490 0 1068070 0 47983648 23991824 23991824 39369596 0 41997156 652490 0 1068070 1068070
GMOM-ZM-83-TRPZ-317,TBR,850523 850523 0 0 2147 0 8360 0 848376 424291 424085 817172 0 846098 1139 0 8360 8360
GMOM-ZM-83-TRPZ323,Normal,20647686 20647686 0 0 167422 0 347945 0 20480264 10240132 10240132 18801412 0 19743528 72499 0 347945 347945
GMOM-ZM-83-TRPZ323,TBR,2579433 2579433 0 0 16869 0 31073 0 2562564 1280949 1281615 2463474 0 2561236 664 0 31073 31073
GPAL-ZM-80-TRPZ13,Normal,22712985 22712985 0 0 275209 0 590949 0 22437776 11218888 11218888 17951354 0 19358646 337814 0 590949 590949
GPAL-ZM-80-TRPZ13,TBR,980468 980468 0 0 2045 0 11799 0 978423 489105 489318 929034 0 975075 1674 0 11799 11799
GPAL-ZM-83TRPZ265,Normal,20790939 20790939 0 0 174613 0 375662 0 20616326 10308163 10308163 17920096 0 18824868 184393 0 375662 375662
GPAL-ZM-83TRPZ265,TBR,98879 98879 0 0 298 0 1454 0 98581 49266 49315 93790 0 98249 166 0 1454 1454
GPAL-ZM-83-TRPZ320,Normal,24081690 24081690 0 0 177462 0 446180 0 23904228 11952114 11952114 21651766 0 22818760 83477 0 446180 446180
GPAL-ZM-83-TRPZ320,TBR,3031150 3031150 0 0 18250 0 42344 0 3012900 1506156 1506744 2873374 0 3010702 1099 0 42344 42344
GPAP-CI-82-KP10-29,Normal,48780833 48780833 0 0 585489 0 1215295 0 48195344 24097672 24097672 38383068 0 41323188 714727 0 1215295 1215295
GPAP-CI-82-KP10-29,TBR,281350 281350 0 0 792 0 4377 0 280558 140271 140287 267516 0 279880 339 0 4377 4377
GPAP-CI-82-KP10-29-bis,Normal,29903891 29903891 0 0 358533 0 679446 0 29545358 14772679 14772679 24146714 0 25799226 351760 0 679446 679446
GPAP-CI-82-KP10-29-bis,TBR,124323 124323 0 0 365 0 2032 0 123958 61951 62007 117298 0 123636 161 0 2032 2032
GTAC-ET-70-GAMBELA4,Normal,28755557 28755557 0 0 355613 0 625854 0 28399944 14199972 14199972 22807868 0 24368612 332737 0 625854 625854
GTAC-ET-70-GAMBELA4,TBR,492303 492303 0 0 1232 0 7055 0 491071 245594 245477 467198 0 490055 508 0 7055 7055
GUIWI-BOBO80-MURAZ18,Normal,25330538 25330538 0 0 193718 0 363143 0 25136820 12568410 12568410 21007782 0 21893724 156934 0 363143 363143
GUIWI-BOBO80-MURAZ18,TBR,147594 147594 0 0 981 0 879 0 146613 73373 73240 142606 0 145927 343 0 879 879
HAMBURG,Normal,24044797 24044797 0 0 244003 0 486454 0 23800794 11900397 11900397 19978548 0 21192794 220268 0 486454 486454
HAMBURG,TBR,95979 95979 0 0 254 0 3415 0 95725 47886 47839 87902 0 95483 121 0 3415 3415
IL3905,Normal,34200766 34200766 0 0 11330 0 11971 0 34189436 17094718 17094718 1243566 0 1288178 316922 0 11971 11971
IL3905,TBR,111 111 0 0 0 0 1 0 111 57 54 76 0 79 16 0 1 1
INRB-2009-56A-15BT,Normal,21955577 21955577 0 0 159085 0 407633 0 21796492 10898246 10898246 18955426 0 19927454 154176 0 407633 407633
INRB-2009-56A-15BT,TBR,61395 61395 0 0 90 0 102 0 61305 30647 30658 60588 0 61265 20 0 102 102
ITM001,Normal,24842318 24842318 0 0 256678 0 587704 0 24585640 12292820 12292820 20121686 0 21505148 280291 0 587704 587704
ITM001,TBR,854503 854503 0 0 2959 0 14692 0 851544 425831 425713 796268 0 849200 1172 0 14692 14692
ITMAP1892,Normal,31684748 31684748 0 0 330870 0 614600 0 31353878 15676939 15676939 27409258 0 28913038 255388 0 614600 614600
ITMAP1892,TBR,164784 164784 0 0 332 0 2534 0 164452 82223 82229 155922 0 164150 151 0 2534 2534
J10,Normal,22317451 22317451 0 0 198453 0 415183 0 22118998 11059499 11059499 18456976 0 19435244 196069 0 415183 415183
J10,TBR,115072 115072 0 0 560 0 1062 0 114512 57301 57211 108920 0 114120 196 0 1062 1062
Jua,Normal,48649806 48649806 0 0 328808 0 773657 0 48320998 24160499 24160499 42583292 0 44529068 351168 0 773657 773657
Jua,TBR,30553 30553 0 0 320 0 132 0 30233 15109 15124 29638 0 30109 62 0 132 132
Kazakstan,Normal,23711351 23711351 0 0 219085 0 478881 0 23492266 11746133 11746133 19767280 0 20927842 229908 0 478881 478881
Kazakstan,TBR,102928 102928 0 0 50 0 554 0 102878 51486 51392 100582 0 102662 108 0 554 554
Kenya,Normal,28649116 28649116 0 0 323028 0 576164 0 28326088 14163044 14163044 23899606 0 25432952 213640 0 576164 576164
Kenya,TBR,129718 129718 0 0 511 0 5276 0 129207 64721 64486 117692 0 128839 184 0 5276 5276
Kenya-a,Normal,41595529 41595529 0 0 311941 0 399874 0 41283588 20641794 20641794 20630188 0 21738014 201162 0 399874 399874
Kenya-a,TBR,109493 109493 0 0 858 0 3082 0 108635 54383 54252 101488 0 108169 233 0 3082 3082
Kenya-c,Normal,36229404 36229404 0 0 387244 0 620093 0 35842160 17921080 17921080 29374038 0 31101330 231496 0 620093 620093
Kenya-c,TBR,117555 117555 0 0 473 0 4344 0 117082 58655 58427 107360 0 116844 119 0 4344 4344
KIN-1,Normal,42043297 42043297 0 0 340335 0 726691 0 41702962 20851481 20851481 36242414 0 38014310 234850 0 726691 726691
KIN-1,TBR,132914 132914 0 0 482 0 1023 0 132432 66199 66233 127450 0 132206 113 0 1023 1023
KISOU-BOBO-80-MURAZ15,Normal,31966120 31966120 0 0 229300 0 525636 0 31736820 15868410 15868410 28221274 0 29519528 207442 0 525636 525636
KISOU-BOBO-80-MURAZ15,TBR,76955 76955 0 0 282 0 648 0 76673 38362 38311 74486 0 76633 20 0 648 648
KOLO,Normal,35448563 35448563 0 0 326135 0 584754 0 35122428 17561214 17561214 29423678 0 31016038 196428 0 584754 584754
KOLO,TBR,105683 105683 0 0 35 0 152 0 105648 52790 52858 104464 0 105490 79 0 152 152
KOUAM-DALOA,Normal,40217245 40217245 0 0 287993 0 582392 0 39929252 19964626 19964626 35349968 0 36799046 226418 0 582392 582392
KOUAM-DALOA,TBR,106151 106151 0 0 508 0 746 0 105643 52801 52842 102700 0 105557 43 0 746 746
Leontio,Normal,24175635 24175635 0 0 183097 0 359236 0 23992538 11996269 11996269 21581322 0 22471980 148278 0 359236 359236
Leontio,TBR,2550 2550 0 0 44 0 95 0 2506 1251 1255 2254 0 2502 2 0 95 95
LIGO,Normal,47869207 47869207 0 0 569561 0 1033174 0 47299646 23649823 23649823 39143656 0 41726612 500101 0 1033174 1033174
LIGO,TBR,510032 510032 0 0 2352 0 5179 0 507680 253915 253765 487206 0 506756 462 0 5179 5179
Lister-427,Normal,29062021 29062021 0 0 356569 0 693220 0 28705452 14352726 14352726 23715658 0 25403248 299726 0 693220 693220
Lister-427,TBR,1625574 1625574 0 0 5326 0 21605 0 1620248 810029 810219 1545756 0 1616132 2058 0 21605 21605
Lister-427-AT1-KO,Normal,21789604 21789604 0 0 232762 0 506003 0 21556842 10778421 10778421 17806538 0 19063102 223983 0 506003 506003
Lister-427-AT1-KO,TBR,856760 856760 0 0 1573 0 13142 0 855187 427379 427808 805410 0 853119 1034 0 13142 13142
LiTat-1-3,Normal,42141808 42141808 0 0 292714 0 581509 0 41849094 20924547 20924547 36165498 0 37610042 200762 0 581509 581509
LiTat-1-3,TBR,79761 79761 0 0 248 0 661 0 79513 39725 39788 76798 0 79419 47 0 661 661
LiTat-1-5-P9,Normal,48620749 48620749 0 0 347605 0 790356 0 48273144 24136572 24136572 41862420 0 43800816 300631 0 790356 790356
LiTat-1-5-P9,TBR,106299 106299 0 0 331 0 1060 0 105968 52913 53055 102242 0 105792 88 0 1060 1060
LIZZARD,Normal,27019076 27019076 0 0 291790 0 620027 0 26727286 13363643 13363643 21996308 0 23486572 293779 0 620027 620027
LIZZARD,TBR,1314377 1314377 0 0 3603 0 17506 0 1310774 655129 655645 1241040 0 1307102 1836 0 17506 17506
LOGRA,Normal,48503008 48503008 0 0 444108 0 886527 0 48058900 24029450 24029450 40717420 0 42969932 402912 0 886527 886527
LOGRA,TBR,82193 82193 0 0 36 0 178 0 82157 41099 41058 81544 0 82117 20 0 178 178
LOKO,Normal,28721276 28721276 0 0 245418 0 597643 0 28475858 14237929 14237929 24854978 0 26289350 184620 0 597643 597643
LOKO,TBR,107470 107470 0 0 220 0 1522 0 107250 53600 53650 101036 0 107064 93 0 1522 1522
LOKO-BIIT,Normal,41170630 41170630 0 0 355172 0 714437 0 40815458 20407729 20407729 35879982 0 37673520 241716 0 714437 714437
LOKO-BIIT,TBR,209262 209262 0 0 386 0 2380 0 208876 104424 104452 198272 0 208636 120 0 2380 2380
LOKO-BIIT-P2,Normal,35404997 35404997 0 0 302249 0 618042 0 35102748 17551374 17551374 30410514 0 31978840 233617 0 618042 618042
LOKO-BIIT-P2,TBR,196847 196847 0 0 372 0 2505 0 196475 98137 98338 187362 0 196275 100 0 2505 2505
LOPEZ,Normal,38241373 38241373 0 0 362113 0 636797 0 37879260 18939630 18939630 29637598 0 31202230 310494 0 636797 636797
LOPEZ,TBR,1398462 1398462 0 0 3098 0 17472 0 1395364 697495 697869 1326964 0 1392612 1376 0 17472 17472
MA,Normal,48424486 48424486 0 0 471904 0 818260 0 47952582 23976291 23976291 41829528 0 44115222 223111 0 818260 818260
MA,TBR,27388 27388 0 0 50 0 154 0 27338 13668 13670 26516 0 27258 40 0 154 154
MALC-BF-80-AB14,Normal,32432972 32432972 0 0 393300 0 702501 0 32039672 16019836 16019836 26568898 0 28352118 331271 0 702501 702501
MALC-BF-80-AB14,TBR,560189 560189 0 0 1379 0 4564 0 558810 279317 279493 535618 0 557454 678 0 4564 4564
MALC-BF-80-AB25,Normal,35504089 35504089 0 0 525065 0 874137 0 34979024 17489512 17489512 27931954 0 30108302 453646 0 874137 874137
MALC-BF-80-AB25,TBR,254903 254903 0 0 623 0 2952 0 254280 127134 127146 242174 0 253778 251 0 2952 2952
MBA,Normal,48374283 48374283 0 0 431779 0 850413 0 47942504 23971252 23971252 42320302 0 44471582 350856 0 850413 850413
MBA,TBR,188207 188207 0 0 76 0 190 0 188131 94040 94091 186938 0 187979 76 0 190 190
Mbadi,Normal,27780419 27780419 0 0 241841 0 453091 0 27538578 13769289 13769289 24616792 0 25776142 171547 0 453091 453091
Mbadi,TBR,14755 14755 0 0 27 0 139 0 14728 7375 7353 14348 0 14722 3 0 139 139
MBOI-ZM-82-TRPZ260,Normal,20940966 20940966 0 0 203088 0 459177 0 20737878 10368939 10368939 17571922 0 18675684 213696 0 459177 459177
MBOI-ZM-82-TRPZ260,TBR,709065 709065 0 0 1796 0 9883 0 707269 353668 353601 670486 0 705275 997 0 9883 9883
MBO-NG-74-R10,Normal,48530807 48530807 0 0 337737 0 722860 0 48193070 24096535 24096535 43218986 0 45269414 164402 0 722860 722860
MBO-NG-74-R10,TBR,396694 396694 0 0 1606 0 2972 0 395088 197595 197493 384364 0 394676 206 0 2972 2972
MBO-NG-74-R10-bis,Normal,37722828 37722828 0 0 285228 0 583454 0 37437600 18718800 18718800 33776346 0 35343812 101738 0 583454 583454
MBO-NG-74-R10-bis,TBR,369001 369001 0 0 1472 0 3600 0 367529 183707 183822 354368 0 367001 264 0 3600 3600
MBOT-CI-78-TC348,Normal,30995119 30995119 0 0 213761 0 430644 0 30781358 15390679 15390679 28362156 0 29550672 90787 0 430644 430644
MBOT-CI-78-TC348,TBR,275077 275077 0 0 639 0 848 0 274438 137202 137236 270392 0 274280 79 0 848 848
MBOT-GM-77-GB2,Normal,48888716 48888716 0 0 698484 0 1133506 0 48190232 24095116 24095116 39547224 0 42372692 577951 0 1133506 1133506
MBOT-GM-77-GB2,TBR,157632 157632 0 0 346 0 2982 0 157286 78576 78710 149702 0 156988 149 0 2982 2982
MCAM-ET-2013-MU-01,Normal,33737638 33737638 0 0 251506 0 531613 0 33486132 16743066 16743066 28964540 0 30287026 230604 0 531613 531613
MCAM-ET-2013-MU-01,TBR,172309 172309 0 0 1326 0 8028 0 170983 85507 85476 154722 0 170839 72 0 8028 8028
MCAM-ET-2013-MU-02,Normal,39522368 39522368 0 0 309066 0 675691 0 39213302 19606651 19606651 33704950 0 35365548 236015 0 675691 675691
MCAM-ET-2013-MU-02,TBR,81340 81340 0 0 392 0 3046 0 80948 40502 40446 73956 0 80814 67 0 3046 3046
MCAM-ET-2013-MU-04,Normal,38396385 38396385 0 0 298643 0 617711 0 38097742 19048871 19048871 33322990 0 34846388 258275 0 617711 617711
MCAM-ET-2013-MU-04,TBR,100077 100077 0 0 758 0 4830 0 99319 49633 49686 89282 0 99189 65 0 4830 4830
MCAM-ET-2013-MU-05,Normal,31387215 31387215 0 0 261789 0 666212 0 31125426 15562713 15562713 26821994 0 28378600 237591 0 666212 666212
MCAM-ET-2013-MU-05,TBR,68887 68887 0 0 426 0 3124 0 68461 34138 34323 61186 0 68245 108 0 3124 3124
MCAM-ET-2013-MU-09,Normal,33174823 33174823 0 0 281695 0 565746 0 32893128 16446564 16446564 29236624 0 30662864 255338 0 565746 565746
MCAM-ET-2013-MU-09,TBR,135854 135854 0 0 1132 0 7107 0 134722 67431 67291 120548 0 134628 47 0 7107 7107
MCAM-ET-2013-MU-14,Normal,34584970 34584970 0 0 267066 0 642776 0 34317904 17158952 17158952 30212174 0 31792916 232160 0 642776 642776
MCAM-ET-2013-MU-14,TBR,374409 374409 0 0 1086 0 22912 0 373323 186747 186576 328536 0 372989 167 0 22912 22912
MCAM-ET-2013-MU-17,Normal,35640810 35640810 0 0 272180 0 617052 0 35368630 17684315 17684315 30964714 0 32463476 254288 0 617052 617052
MCAM-ET-2013-MU-17,TBR,113493 113493 0 0 864 0 5614 0 112629 56375 56254 101768 0 112543 43 0 5614 5614
MCAP-CI-91-BALEA-2,Normal,48921181 48921181 0 0 699963 0 1333214 0 48221218 24110609 24110609 38065186 0 41251304 818183 0 1333214 1333214
MCAP-CI-91-BALEA-2,TBR,272245 272245 0 0 522 0 2993 0 271723 135821 135902 260426 0 271215 254 0 2993 2993
MCAP-ZM-83-TRPZ267,Normal,24214830 24214830 0 0 265960 0 580117 0 23948870 11974435 11974435 19907502 0 21270600 297789 0 580117 580117
MCAP-ZM-83-TRPZ267,TBR,730224 730224 0 0 2205 0 10042 0 728019 363810 364209 688484 0 725967 1026 0 10042 10042
Merzouga-56,Normal,25500777 25500777 0 0 254215 0 607318 0 25246562 12623281 12623281 21171388 0 22647834 247744 0 607318 607318
Merzouga-56,TBR,124851 124851 0 0 414 0 5008 0 124437 62323 62114 111894 0 124109 164 0 5008 5008
MHOM-CI-78-DALOA69,Normal,23827115 23827115 0 0 185541 0 447796 0 23641574 11820787 11820787 20782466 0 21868266 160801 0 447796 447796
MHOM-CI-78-DALOA69,TBR,80632 80632 0 0 458 0 676 0 80174 40131 40043 77716 0 80092 41 0 676 676
MHOM-CI-78-DALOA72-cloneA,Normal,20719496 20719496 0 0 155872 0 360949 0 20563624 10281812 10281812 17747904 0 18633118 131627 0 360949 360949
MHOM-CI-78-DALOA72-cloneA,TBR,1773 1773 0 0 35 0 71 0 1738 863 875 1516 0 1720 9 0 71 71
MHOM-CI-78-TH1-037,Normal,39540606 39540606 0 0 515864 0 913328 0 39024742 19512371 19512371 32575570 0 34910110 366231 0 913328 913328
MHOM-CI-78-TH1-037,TBR,2038042 2038042 0 0 4751 0 31043 0 2033291 1016192 1017099 1910464 0 2029683 1804 0 31043 31043
MHOM-CI-78-TH113,Normal,16081693 16081693 0 0 149133 0 316980 0 15932560 7966280 7966280 13341390 0 14098020 172876 0 316980 316980
MHOM-CI-78-TH113,TBR,51844 51844 0 0 184 0 1949 0 51660 25858 25802 47824 0 51532 64 0 1949 1949
MHOM-CI-78-TH2,Normal,35894634 35894634 0 0 428392 0 778499 0 35466242 17733121 17733121 29393056 0 31313738 361646 0 778499 778499
MHOM-CI-78-TH2,TBR,213206 213206 0 0 702 0 3370 0 212504 106277 106227 199644 0 212126 189 0 3370 3370
MHOM-CI-79-DALOA74,Normal,23451834 23451834 0 0 179008 0 435984 0 23272826 11636413 11636413 20391856 0 21433958 163246 0 435984 435984
MHOM-CI-79-DALOA74,TBR,79952 79952 0 0 409 0 691 0 79543 39768 39775 76992 0 79437 53 0 691 691
MHOM-CI-79-MURAZ3,Normal,34809606 34809606 0 0 432906 0 777284 0 34376700 17188350 17188350 28137692 0 30003944 379195 0 777284 777284
MHOM-CI-79-MURAZ3,TBR,140770 140770 0 0 318 0 2217 0 140452 70190 70262 132028 0 140064 194 0 2217 2217
MHOM-CI-91-SIQUE1623,Normal,25818424 25818424 0 0 198642 0 510375 0 25619782 12809891 12809891 21675242 0 22893042 183853 0 510375 510375
MHOM-CI-91-SIQUE1623,TBR,85723 85723 0 0 137 0 730 0 85586 42769 42817 83058 0 85430 78 0 730 730
MHOM-CI-TH162,Normal,22671744 22671744 0 0 269824 0 596994 0 22401920 11200960 11200960 18273700 0 19697150 302887 0 596994 596994
MHOM-CI-TH162,TBR,111266 111266 0 0 420 0 4259 0 110846 55389 55457 101860 0 110526 160 0 4259 4259
MHOM-ET-67-GAMBELA1,Normal,33671459 33671459 0 0 375185 0 728869 0 33296274 16648137 16648137 27362102 0 29129070 345012 0 728869 728869
MHOM-ET-67-GAMBELA1,TBR,1370605 1370605 0 0 4734 0 18604 0 1365871 682646 683225 1288068 0 1363029 1421 0 18604 18604
MHOM-ET-69-GAMBELA3,Normal,41150896 41150896 0 0 529618 0 910737 0 40621278 20310639 20310639 32729790 0 34999946 419545 0 910737 910737
MHOM-ET-69-GAMBELA3,TBR,853160 853160 0 0 2570 0 14659 0 850590 425195 425395 801508 0 848546 1022 0 14659 14659
MHOM-KE-81-LVH122,Normal,18457365 18457365 0 0 169187 0 444769 0 18288178 9144089 9144089 15647650 0 16741098 178213 0 444769 444769
MHOM-KE-81-LVH122,TBR,880567 880567 0 0 2318 0 11768 0 878249 439226 439023 834870 0 876691 779 0 11768 11768
MHOM-KE-82-LVH61R,Normal,24297922 24297922 0 0 232396 0 579573 0 24065526 12032763 12032763 20058778 0 21464068 203981 0 579573 579573
MHOM-KE-82-LVH61R,TBR,1611567 1611567 0 0 7686 0 28347 0 1603881 801811 802070 1498592 0 1599693 2094 0 28347 28347
MHOM-KE-82-LVH61R-bis,Normal,36777378 36777378 0 0 429786 0 853738 0 36347592 18173796 18173796 30686290 0 32887954 293589 0 853738 853738
MHOM-KE-82-LVH61R-bis,TBR,3550874 3550874 0 0 17383 0 54819 0 3533491 1766583 1766908 3324758 0 3528289 2601 0 54819 54819
MHOM-SD-82-BIYAMINA,Normal,48652543 48652543 0 0 487185 0 1131282 0 48165358 24082679 24082679 39809938 0 42636890 538892 0 1131282 1131282
MHOM-SD-82-BIYAMINA,TBR,3204853 3204853 0 0 15632 0 40658 0 3189221 1595078 1594143 3049828 0 3186963 1129 0 40658 40658
MHOM-SD-82-BIYAMINA-bis,Normal,31945168 31945168 0 0 335184 0 712378 0 31609984 15804992 15804992 26850488 0 28656828 265352 0 712378 712378
MHOM-SD-82-BIYAMINA-bis,TBR,2507635 2507635 0 0 11204 0 36634 0 2496431 1248041 1248390 2357496 0 2493617 1407 0 36634 36634
MHOM-SD-82-MUSIKIA-cloneA,Normal,48241872 48241872 0 0 343356 0 782942 0 47898516 23949258 23949258 40173666 0 42111600 364286 0 782942 782942
MHOM-SD-82-MUSIKIA-cloneA,TBR,131550 131550 0 0 184 0 975 0 131366 65634 65732 128296 0 131276 45 0 975 975
MHOM-SD-82-SUZENA,Normal,39723419 39723419 0 0 271687 0 661271 0 39451732 19725866 19725866 35032678 0 36576792 203922 0 661271 661271
MHOM-SD-82-SUZENA,TBR,116714 116714 0 0 474 0 731 0 116240 58160 58080 112524 0 116060 90 0 731 731
MHOM-UG-77-KETRI-2355,Normal,25383772 25383772 0 0 290262 0 602524 0 25093510 12546755 12546755 20855616 0 22405578 252663 0 602524 602524
MHOM-UG-77-KETRI-2355,TBR,1581290 1581290 0 0 4091 0 24049 0 1577199 788363 788836 1482672 0 1573227 1986 0 24049 24049
MHOM-ZM-80-TRPZ-23,Normal,48588350 48588350 0 0 685664 0 1205342 0 47902686 23951343 23951343 37800112 0 40739332 783892 0 1205342 1205342
MHOM-ZM-80-TRPZ-23,TBR,1553779 1553779 0 0 6048 0 15796 0 1547731 773976 773755 1485956 0 1543323 2204 0 15796 15796
MHOM-ZM-82-TRPZ186,Normal,26863340 26863340 0 0 335840 0 683723 0 26527500 13263750 13263750 21448550 0 23081362 344666 0 683723 683723
MHOM-ZM-82-TRPZ186,TBR,1158134 1158134 0 0 2630 0 15359 0 1155504 577744 577760 1082588 0 1151656 1924 0 15359 15359
MHOM-ZM-83-TRPZ-349,Normal,45746996 45746996 0 0 634204 0 1169996 0 45112792 22556396 22556396 35599772 0 38545204 759965 0 1169996 1169996
MHOM-ZM-83-TRPZ-349,TBR,2183409 2183409 0 0 6257 0 21653 0 2177152 1088689 1088463 2093634 0 2173404 1874 0 21653 21653
MHOM-ZR-71-C126,Normal,24911179 24911179 0 0 160109 0 349941 0 24751070 12375535 12375535 21901648 0 22768046 129123 0 349941 349941
MHOM-ZR-71-C126,TBR,30490 30490 0 0 108 0 126 0 30382 15172 15210 29748 0 30322 30 0 126 126
Mibene,Normal,24180079 24180079 0 0 181945 0 365917 0 23998134 11999067 11999067 21532710 0 22448334 152242 0 365917 365917
Mibene,TBR,30 30 0 0 0 0 1 0 30 16 14 10 0 24 3 0 1 1
MKOD-BF-80-KD3,Normal,37850831 37850831 0 0 522723 0 855127 0 37328108 18664054 18664054 30764478 0 32898622 394498 0 855127 855127
MKOD-BF-80-KD3,TBR,317210 317210 0 0 769 0 4782 0 316441 158074 158367 298962 0 315273 584 0 4782 4782
MKOK-BF-80-KK1,Normal,35565027 35565027 0 0 243399 0 542511 0 35321628 17660814 17660814 32315526 0 33740832 111102 0 542511 542511
MKOK-BF-80-KK1,TBR,305103 305103 0 0 1263 0 416 0 303840 151857 151983 298838 0 303664 88 0 416 416
MKOK-BF-80-KK25,Normal,38526424 38526424 0 0 278400 0 568164 0 38248024 19124012 19124012 34816690 0 36324452 110583 0 568164 568164
MKOK-BF-80-KK25,TBR,415341 415341 0 0 1686 0 2022 0 413655 206726 206929 402640 0 413215 220 0 2022 2022
MKOK-BF-80-KK7,Normal,36396213 36396213 0 0 441485 0 785334 0 35954728 17977364 17977364 29495346 0 31404284 348756 0 785334 785334
MKOK-BF-80-KK7,TBR,165150 165150 0 0 551 0 1810 0 164599 82283 82316 156274 0 164133 233 0 1810 1810
MKOK-BF-90-KK17,Normal,37333027 37333027 0 0 420795 0 876978 0 36912232 18456116 18456116 30550972 0 32647708 386726 0 876978 876978
MKOK-BF-90-KK17,TBR,475747 475747 0 0 1738 0 9211 0 474009 236882 237127 442502 0 472783 613 0 9211 9211
MOERBEKE-103,Normal,36236956 36236956 0 0 308448 0 618603 0 35928508 17964254 17964254 31326638 0 32886544 224935 0 618603 618603
MOERBEKE-103,TBR,276610 276610 0 0 444 0 2008 0 276166 137990 138176 267942 0 275908 129 0 2008 2008
MOERBEKE-82,Normal,31876554 31876554 0 0 282558 0 542031 0 31593996 15796998 15796998 28159730 0 29539006 203987 0 542031 542031
MOERBEKE-82,TBR,51474 51474 0 0 56 0 295 0 51418 25693 25725 50592 0 51388 15 0 295 295
Mongo,Normal,39708169 39708169 0 0 356047 0 731712 0 39352122 19676061 19676061 34255510 0 36031072 240083 0 731712 731712
Mongo,TBR,65599 65599 0 0 92 0 482 0 65507 32796 32711 63810 0 65393 57 0 482 482
MOS-bis,Normal,30769527 30769527 0 0 285781 0 549015 0 30483746 15241873 15241873 26954146 0 28369270 206521 0 549015 549015
MOS-bis,TBR,20944 20944 0 0 32 0 79 0 20912 10456 10456 20548 0 20886 13 0 79 79
Moyox2,Normal,24162773 24162773 0 0 172567 0 355771 0 23990206 11995103 11995103 21752114 0 22656282 133504 0 355771 355771
Moyox2,TBR,32150 32150 0 0 77 0 194 0 32073 16040 16033 31512 0 32057 8 0 194 194
MSUS-CI-78-TSW129-cloneA,Normal,17944173 17944173 0 0 199301 0 423053 0 17744872 8872436 8872436 14742392 0 15723910 208900 0 423053 423053
MSUS-CI-78-TSW129-cloneA,TBR,84476 84476 0 0 142 0 690 0 84334 42175 42159 80692 0 84100 117 0 690 690
MSUS-CI-78-TSW129-cloneC,Normal,31384970 31384970 0 0 349306 0 722694 0 31035664 15517832 15517832 26615580 0 28381630 252374 0 722694 722694
MSUS-CI-78-TSW129-cloneC,TBR,232180 232180 0 0 507 0 2434 0 231673 115865 115808 220690 0 230973 350 0 2434 2434
MSUS-CI-78-TSW-157,Normal,48815394 48815394 0 0 487366 0 1055772 0 48328028 24164014 24164014 39429356 0 42017640 457409 0 1055772 1055772
MSUS-CI-78-TSW-157,TBR,469030 469030 0 0 1542 0 5868 0 467488 233740 233748 443990 0 466390 549 0 5868 5868
MSUS-CI-78-TSW168,Normal,26880822 26880822 0 0 340996 0 691232 0 26539826 13269913 13269913 21453510 0 23092016 337961 0 691232 691232
MSUS-CI-78-TSW168,TBR,115440 115440 0 0 402 0 2470 0 115038 57516 57522 107422 0 114630 204 0 2470 2470
MSUS-CI-78-TSW176,Normal,32899196 32899196 0 0 385690 0 681083 0 32513506 16256753 16256753 27460054 0 29160762 305028 0 681083 681083
MSUS-CI-78-TSW176,TBR,175977 175977 0 0 917 0 2276 0 175060 87510 87550 166158 0 174778 141 0 2276 2276
MSUS-CI-78-TSW178,Normal,23979612 23979612 0 0 292540 0 590950 0 23687072 11843536 11843536 19112986 0 20557832 284485 0 590950 590950
MSUS-CI-78-TSW178,TBR,179412 179412 0 0 504 0 2055 0 178908 89429 89479 171252 0 178426 241 0 2055 2055
MSUS-CI-78-TSW185-bis,Normal,31285384 31285384 0 0 363168 0 686375 0 30922216 15461108 15461108 25872302 0 27524260 368742 0 686375 686375
MSUS-CI-78-TSW185-bis,TBR,168344 168344 0 0 282 0 1566 0 168062 83942 84120 161280 0 167692 185 0 1566 1566
MSUS-CI-78-TSW185-cloneA,Normal,24199603 24199603 0 0 271287 0 544541 0 23928316 11964158 11964158 20388020 0 21739526 211232 0 544541 544541
MSUS-CI-78-TSW185-cloneA,TBR,190559 190559 0 0 407 0 2005 0 190152 95049 95103 182420 0 189714 219 0 2005 2005
MSUS-CI-78-TSW185-cloneC,Normal,21591464 21591464 0 0 226986 0 495785 0 21364478 10682239 10682239 17704898 0 18902560 241857 0 495785 495785
MSUS-CI-78-TSW185-cloneC,TBR,139104 139104 0 0 458 0 1792 0 138646 69266 69380 131884 0 138252 197 0 1792 1792
MSUS-CI-78-TSW187-bis,Normal,38887366 38887366 0 0 431652 0 767272 0 38455714 19227857 19227857 32946810 0 34867078 316546 0 767272 767272
MSUS-CI-78-TSW187-bis,TBR,441860 441860 0 0 1508 0 5668 0 440352 220163 220189 416550 0 439546 403 0 5668 5668
MSUS-CI-78-TSW190,Normal,41834987 41834987 0 0 583225 0 994081 0 41251762 20625881 20625881 33191060 0 35633104 485591 0 994081 994081
MSUS-CI-78-TSW190,TBR,131152 131152 0 0 426 0 2605 0 130726 65366 65360 122474 0 130374 176 0 2605 2605
MSUS-CI-78-TSW38-021,Normal,31036445 31036445 0 0 329685 0 652629 0 30706760 15353380 15353380 25409790 0 26942980 368772 0 652629 652629
MSUS-CI-78-TSW38-021,TBR,136692 136692 0 0 547 0 1391 0 136145 68066 68079 130670 0 135787 179 0 1391 1391
MSUS-CI-78-TSW382,Normal,48656236 48656236 0 0 513366 0 1046850 0 48142870 24071435 24071435 40871030 0 43334576 520954 0 1046850 1046850
MSUS-CI-78-TSW382,TBR,121091 121091 0 0 911 0 2695 0 120180 60164 60016 111810 0 119850 165 0 2695 2695
MSUS-CI-78-TSW382-bis,Normal,33714441 33714441 0 0 394857 0 772869 0 33319584 16659792 16659792 27755190 0 29615268 400754 0 772869 772869
MSUS-CI-78-TSW382-bis,TBR,119553 119553 0 0 395 0 2000 0 119158 59548 59610 113968 0 118904 127 0 2000 2000
MSUS-CI-78-TSW390,Normal,24037924 24037924 0 0 264658 0 599324 0 23773266 11886633 11886633 19442924 0 20834806 290820 0 599324 599324
MSUS-CI-78-TSW390,TBR,173318 173318 0 0 536 0 2345 0 172782 86366 86416 163658 0 172136 323 0 2345 2345
MSUS-CI-78-TSW390-bis,Normal,34779778 34779778 0 0 405910 0 781626 0 34373868 17186934 17186934 28389482 0 30256556 381297 0 781626 781626
MSUS-CI-78-TSW390-bis,TBR,246835 246835 0 0 683 0 2897 0 246152 123012 123140 234688 0 245554 299 0 2897 2897
MSUS-CI-82-TSW125-KP1-cloneB,Normal,23164445 23164445 0 0 198631 0 462824 0 22965814 11482907 11482907 20157168 0 21300102 155696 0 462824 462824
MSUS-CI-82-TSW125-KP1-cloneB,TBR,23190 23190 0 0 55 0 140 0 23135 11562 11573 22388 0 23069 33 0 140 140
MSUS-CI-82-TSW171,Normal,37144869 37144869 0 0 474941 0 843381 0 36669928 18334964 18334964 29881372 0 31910660 421467 0 843381 843381
MSUS-CI-82-TSW171,TBR,216736 216736 0 0 438 0 1972 0 216298 108149 108149 206676 0 215762 268 0 1972 1972
MSUS-CI-82-TSW23,Normal,34123008 34123008 0 0 425386 0 775813 0 33697622 16848811 16848811 28202306 0 30104020 364636 0 775813 775813
MSUS-CI-82-TSW23,TBR,173520 173520 0 0 548 0 2927 0 172972 86472 86500 163576 0 172548 212 0 2927 2927
MSUS-CI-82-TSW26,Normal,30945967 30945967 0 0 355991 0 680280 0 30589976 15294988 15294988 25347258 0 26995556 357106 0 680280 680280
MSUS-CI-82-TSW26,TBR,157097 157097 0 0 341 0 1912 0 156756 78376 78380 149500 0 156466 145 0 1912 1912
MSUS-CI-82-TSW31-BO1,Normal,25026821 25026821 0 0 255017 0 613831 0 24771804 12385902 12385902 21004974 0 22499448 253808 0 613831 613831
MSUS-CI-82-TSW31-BO1,TBR,1282060 1282060 0 0 2021 0 19787 0 1280039 639744 640295 1202492 0 1276981 1529 0 19787 19787
MSUS-CI-82-TSW31-KP1,Normal,26091151 26091151 0 0 322841 0 636723 0 25768310 12884155 12884155 21184152 0 22711322 325084 0 636723 636723
MSUS-CI-82-TSW31-KP1,TBR,149079 149079 0 0 502 0 1862 0 148577 74322 74255 141444 0 148095 241 0 1862 1862
MSUS-CI-82-TSW32-B01,Normal,25088939 25088939 0 0 331497 0 630158 0 24757442 12378721 12378721 19844916 0 21386894 352320 0 630158 630158
MSUS-CI-82-TSW32-B01,TBR,97074 97074 0 0 282 0 1502 0 96792 48408 48384 91108 0 96518 137 0 1502 1502
MSUS-CI-82-TSW35,Normal,31505326 31505326 0 0 385382 0 706643 0 31119944 15559972 15559972 25741264 0 27465660 338423 0 706643 706643
MSUS-CI-82-TSW35,TBR,150170 150170 0 0 463 0 2448 0 149707 74789 74918 141908 0 149321 193 0 2448 2448
MSUS-CI-82-TSW36,Normal,26079464 26079464 0 0 281220 0 641907 0 25798244 12899122 12899122 21448462 0 22930718 269478 0 641907 641907
MSUS-CI-82-TSW36,TBR,105242 105242 0 0 229 0 1778 0 105013 52485 52528 98390 0 104629 192 0 1778 1778
MSUS-CI-82-TSW38-B01,Normal,34170687 34170687 0 0 375499 0 749883 0 33795188 16897594 16897594 28102868 0 29924610 355174 0 749883 749883
MSUS-CI-82-TSW38-B01,TBR,245778 245778 0 0 624 0 4370 0 245154 122674 122480 229168 0 244580 287 0 4370 4370
MSUS-CI-82-TSW46,Normal,26432555 26432555 0 0 295227 0 601559 0 26137328 13068664 13068664 22056282 0 23481980 303430 0 601559 601559
MSUS-CI-82-TSW46,TBR,85935 85935 0 0 149 0 1283 0 85786 42862 42924 81680 0 85616 85 0 1283 1283
MSUS-CI-82-TSW53,Normal,46587565 46587565 0 0 600655 0 1057117 0 45986910 22993455 22993455 37814842 0 40406144 548012 0 1057117 1057117
MSUS-CI-82-TSW53,TBR,281226 281226 0 0 1444 0 2605 0 279782 139938 139844 268844 0 279380 201 0 2605 2605
MSUS-CI-82-TSW62,Normal,47281830 47281830 0 0 500086 0 1166454 0 46781744 23390872 23390872 38910350 0 41688092 647940 0 1166454 1166454
MSUS-CI-82-TSW62,TBR,287364 287364 0 0 834 0 4760 0 286530 143249 143281 272290 0 285914 308 0 4760 4760
MSUS-CI-82-TSW62-bis,Normal,33963380 33963380 0 0 402652 0 756899 0 33560728 16780364 16780364 28182216 0 30035324 349124 0 756899 756899
MSUS-CI-82-TSW62-bis,TBR,201867 201867 0 0 594 0 3372 0 201273 100611 100662 190306 0 200761 256 0 3372 3372
MSUS-CI-82-TSW65-KP1-bis,Normal,31113749 31113749 0 0 384403 0 719344 0 30729346 15364673 15364673 25300498 0 27058766 344324 0 719344 719344
MSUS-CI-82-TSW65-KP1-bis,TBR,188032 188032 0 0 615 0 3113 0 187417 93684 93733 177240 0 186893 262 0 3113 3113
MSUS-CI-82-TSW65-KP1-exbiit,Normal,29396814 29396814 0 0 344552 0 768543 0 29052262 14526131 14526131 23843214 0 25664192 347952 0 768543 768543
MSUS-CI-82-TSW65-KP1-exbiit,TBR,172517 172517 0 0 414 0 3824 0 172103 86060 86043 158618 0 171445 329 0 3824 3824
MSUS-CI-82-TSW75,Normal,21875258 21875258 0 0 223394 0 500870 0 21651864 10825932 10825932 18102904 0 19279008 249929 0 500870 500870
MSUS-CI-82-TSW75,TBR,126879 126879 0 0 396 0 1875 0 126483 63237 63246 119624 0 126075 204 0 1875 1875
MSUS-CI-82-TSW8,Normal,30797226 30797226 0 0 384226 0 740312 0 30413000 15206500 15206500 25298364 0 27094992 372991 0 740312 740312
MSUS-CI-82-TSW8,TBR,150709 150709 0 0 439 0 2606 0 150270 75104 75166 142154 0 149930 170 0 2606 2606
MSUS-CI-82-TSW84,Normal,36187800 36187800 0 0 424132 0 789756 0 35763668 17881834 17881834 28935224 0 30816610 396996 0 789756 789756
MSUS-CI-82-TSW84,TBR,175271 175271 0 0 389 0 2407 0 174882 87470 87412 165128 0 174430 226 0 2407 2407
MSUS-CI-82-TSW95,Normal,24144810 24144810 0 0 313496 0 583289 0 23831314 11915657 11915657 19323782 0 20729460 297590 0 583289 583289
MSUS-CI-82-TSW95,TBR,106123 106123 0 0 235 0 1114 0 105888 52919 52969 102060 0 105596 146 0 1114 1114
MSUS-CI-83-TSW-11,Normal,48776425 48776425 0 0 533891 0 1124253 0 48242534 24121267 24121267 39034690 0 41802048 654347 0 1124253 1124253
MSUS-CI-83-TSW-11,TBR,334098 334098 0 0 713 0 5302 0 333385 166624 166761 315706 0 332809 288 0 5302 5302
MSUS-CI-83-TSW12,Normal,34810589 34810589 0 0 375241 0 701652 0 34435348 17217674 17217674 28140578 0 29873524 335980 0 701652 701652
MSUS-CI-83-TSW12,TBR,209715 209715 0 0 526 0 3528 0 209189 104649 104540 196024 0 208703 243 0 3528 3528
MSUS-CI-85-PTAG-130,Normal,26230319 26230319 0 0 246135 0 570570 0 25984184 12992092 12992092 22188784 0 23519260 238194 0 570570 570570
MSUS-CI-85-PTAG-130,TBR,210672 210672 0 0 501 0 2810 0 210171 105102 105069 199030 0 209673 249 0 2810 2810
MSUS-NG-62-B8-18-cloneB,Normal,26476403 26476403 0 0 253731 0 593748 0 26222672 13111336 13111336 21092152 0 22510504 236157 0 593748 593748
MSUS-NG-62-B8-18-cloneB,TBR,212572 212572 0 0 705 0 2836 0 211867 105865 106002 199274 0 211021 423 0 2836 2836
MTRG-BF-80-TS2,Normal,39135569 39135569 0 0 487175 0 874650 0 38648394 19324197 19324197 31815598 0 33937208 395291 0 874650 874650
MTRG-BF-80-TS2,TBR,221669 221669 0 0 668 0 2393 0 221001 110368 110633 210306 0 220395 303 0 2393 2393
Muraz3,Normal,24122006 24122006 0 0 235042 0 421525 0 23886964 11943482 11943482 20596552 0 21617296 213361 0 421525 421525
Muraz3,TBR,74535 74535 0 0 150 0 1152 0 74385 37169 37216 70094 0 74291 47 0 1152 1152
Nabe,Normal,48439676 48439676 0 0 489392 0 893552 0 47950284 23975142 23975142 42533814 0 44886214 379128 0 893552 893552
Nabe,TBR,145099 145099 0 0 473 0 702 0 144626 72343 72283 142174 0 144560 33 0 702 702
NDMI,Normal,48242857 48242857 0 0 445287 0 799092 0 47797570 23898785 23898785 41115622 0 43266118 295103 0 799092 799092
NDMI,TBR,135506 135506 0 0 384 0 935 0 135122 67592 67530 131560 0 135026 48 0 935 935
NKOUA,Normal,48509420 48509420 0 0 411032 0 875559 0 48098388 24049194 24049194 40765014 0 43046786 373315 0 875559 875559
NKOUA,TBR,126071 126071 0 0 286 0 969 0 125785 62876 62909 122728 0 125687 49 0 969 969
NTUMA,Normal,37244402 37244402 0 0 337900 0 636910 0 36906502 18453251 18453251 32310798 0 33913608 250250 0 636910 636910
NTUMA,TBR,178091 178091 0 0 36 0 165 0 178055 88995 89060 176850 0 177913 71 0 165 165
OUSOU,Normal,48360243 48360243 0 0 407395 0 818025 0 47952848 23976424 23976424 41872848 0 43939886 329106 0 818025 818025
OUSOU,TBR,158461 158461 0 0 844 0 1339 0 157617 78837 78780 153100 0 157537 40 0 1339 1339
OVI,Normal,24965358 24965358 0 0 155148 0 418605 0 24810210 12405105 12405105 21564640 0 22542262 177706 0 418605 418605
OVI,TBR,51592 51592 0 0 151 0 1022 0 51441 25729 25712 48534 0 51297 72 0 1022 1022
P16F,Normal,31078741 31078741 0 0 330831 0 698461 0 30747910 15373955 15373955 26169104 0 27825146 317321 0 698461 698461
P16F,TBR,127546 127546 0 0 206 0 5726 0 127340 63760 63580 114504 0 127076 132 0 5726 5726
P26F,Normal,24078090 24078090 0 0 187274 0 386284 0 23890816 11945408 11945408 21515732 0 22468882 137523 0 386284 386284
P26F,TBR,13526 13526 0 0 212 0 337 0 13314 6650 6664 12470 0 13288 13 0 337 337
P8F,Normal,24114060 24114060 0 0 235866 0 484273 0 23878194 11939097 11939097 20588026 0 21757756 226033 0 484273 484273
P8F,TBR,53484 53484 0 0 94 0 2456 0 53390 26725 26665 48000 0 53342 24 0 2456 2456
Pakwa,Normal,48364549 48364549 0 0 381705 0 871241 0 47982844 23991422 23991422 42487972 0 44649974 376051 0 871241 871241
Pakwa,TBR,84379 84379 0 0 247 0 338 0 84132 42055 42077 82880 0 84076 28 0 338 338
PEYA,Normal,27641774 27641774 0 0 203630 0 430735 0 27438144 13719072 13719072 24360502 0 25456334 172146 0 430735 430735
PEYA,TBR,71267 71267 0 0 151 0 437 0 71116 35565 35551 69540 0 71072 22 0 437 437
Philippines,Normal,23346112 23346112 0 0 240206 0 436414 0 23105906 11552953 11552953 19284784 0 20429334 198298 0 436414 436414
Philippines,TBR,84186 84186 0 0 99 0 801 0 84087 42049 42038 80848 0 83841 123 0 801 801
R47,Normal,24156468 24156468 0 0 154684 0 314066 0 24001784 12000892 12000892 22011008 0 22794434 114797 0 314066 314066
R47,TBR,16863 16863 0 0 21 0 111 0 16842 8422 8420 16448 0 16838 2 0 111 111
ROUPO-VAVOUA--80-MURAZ-14,Normal,48582407 48582407 0 0 366619 0 833143 0 48215788 24107894 24107894 41429154 0 43510000 339723 0 833143 833143
ROUPO-VAVOUA--80-MURAZ-14,TBR,150203 150203 0 0 742 0 1271 0 149461 74684 74777 145132 0 149297 82 0 1271 1271
Rumphi,Normal,48936587 48936587 0 0 579199 0 1232158 0 48357388 24178694 24178694 39105342 0 42049172 772640 0 1232158 1232158
Rumphi,TBR,1526126 1526126 0 0 4067 0 16605 0 1522059 761152 760907 1454100 0 1518727 1666 0 16605 16605
Seka,Normal,39950289 39950289 0 0 326205 0 580322 0 39624084 19812042 19812042 34587088 0 36084510 213889 0 580322 580322
Seka,TBR,65613 65613 0 0 122 0 392 0 65491 32730 32761 63956 0 65405 43 0 392 392
SitaBip1,Normal,23951141 23951141 0 0 61883 0 24329 0 23889258 11944629 11944629 3024580 0 3310108 610982 0 24329 24329
SitaBip1,TBR,10 10 0 0 0 0 0 0 10 5 5 10 0 10 0 0 0 0
SN54-TREU96,Normal,24211628 24211628 0 0 214150 0 417112 0 23997478 11998739 11998739 20216514 0 21231008 212987 0 417112 417112
SN54-TREU96,TBR,82005 82005 0 0 143 0 1802 0 81862 40950 40912 75232 0 81684 89 0 1802 1802
STIB-816,Normal,23612695 23612695 0 0 218443 0 491737 0 23394252 11697126 11697126 19469946 0 20671470 214305 0 491737 491737
STIB-816,TBR,86734 86734 0 0 134 0 1960 0 86600 43229 43371 79480 0 86338 131 0 1960 1960
STIB818,Normal,29862895 29862895 0 0 394047 0 555779 0 29468848 14734424 14734424 24809994 0 26433992 204591 0 555779 555779
STIB818,TBR,73162 73162 0 0 109 0 1483 0 73053 36449 36604 67864 0 72691 181 0 1483 1483
STIB847,Normal,26853518 26853518 0 0 340324 0 705501 0 26513194 13256597 13256597 20966006 0 22634264 371083 0 705501 705501
STIB847,TBR,583352 583352 0 0 1559 0 10131 0 581793 290926 290867 544190 0 580155 819 0 10131 10131
STIB-851,Normal,48428768 48428768 0 0 622620 0 1254216 0 47806148 23903074 23903074 37849106 0 40841666 786714 0 1254216 1254216
STIB-851,TBR,1391512 1391512 0 0 3874 0 18648 0 1387638 693874 693764 1325416 0 1384034 1802 0 18648 18648
STIB882,Normal,28727925 28727925 0 0 367363 0 714226 0 28360562 14180281 14180281 22011068 0 23727674 379505 0 714226 714226
STIB882,TBR,674724 674724 0 0 1418 0 10134 0 673306 336644 336662 635546 0 671294 1006 0 10134 10134
STIB883,Normal,26287951 26287951 0 0 288729 0 653629 0 25999222 12999611 12999611 21100582 0 22596762 337384 0 653629 653629
STIB883,TBR,568074 568074 0 0 1277 0 9993 0 566797 283341 283456 530566 0 565085 856 0 9993 9993
SVP,Normal,29754542 29754542 0 0 336238 0 621380 0 29418304 14709152 14709152 24266684 0 25867402 265494 0 621380 621380
SVP,TBR,100100 100100 0 0 423 0 4788 0 99677 49831 49846 89448 0 99367 155 0 4788 4788
Te-Ap-N-D1,Normal,24487910 24487910 0 0 153468 0 424940 0 24334442 12167221 12167221 21329010 0 22301038 180891 0 424940 424940
Te-Ap-N-D1,TBR,32910 32910 0 0 137 0 909 0 32773 16397 16376 30358 0 32655 59 0 909 909
Te-Ap-N-D1-bis,Normal,30022271 30022271 0 0 218275 0 479275 0 29803996 14901998 14901998 26334068 0 27488236 206219 0 479275 479275
Te-Ap-N-D1-bis,TBR,55683 55683 0 0 182 0 1129 0 55501 27749 27752 52488 0 55389 56 0 1129 1129
TRPZ26,Normal,32033627 32033627 0 0 441297 0 818949 0 31592330 15796165 15796165 25718468 0 27710354 435852 0 818949 818949
TRPZ26,TBR,1120673 1120673 0 0 2780 0 15289 0 1117893 559022 558871 1057536 0 1115589 1152 0 15289 15289
UTAT-1-1,Normal,32882753 32882753 0 0 376951 0 732458 0 32505802 16252901 16252901 26770724 0 28584036 373382 0 732458 732458
UTAT-1-1,TBR,1211923 1211923 0 0 4451 0 15773 0 1207472 603769 603703 1134024 0 1205680 896 0 15773 15773
Y58,Normal,23260914 23260914 0 0 4392 0 5020 0 23256522 11628261 11628261 554700 0 572346 205974 0 5020 5020
Y58,TBR,77 77 0 0 1 0 2 0 76 39 37 50 0 56 10 0 2 2
YAOUNDE,Normal,47270820 47270820 0 0 599032 0 1120502 0 46671788 23335894 23335894 38394190 0 41177302 506124 0 1120502 1120502
YAOUNDE,TBR,2709944 2709944 0 0 5190 0 35536 0 2704754 1352153 1352601 2561662 0 2699382 2686 0 35536 35536
Zagora-I-17,Normal,26648162 26648162 0 0 270836 0 566062 0 26377326 13188663 13188663 22688920 0 24099276 230291 0 566062 566062
Zagora-I-17,TBR,155432 155432 0 0 383 0 3988 0 155049 77636 77413 144384 0 154625 212 0 3988 3988
